label_id,has_slang,has_elongated
0,0.0379018245004344,0.15341731827396468
1,0.3563218390804598,0.14942528735632185
2,0.2507114399544678,0.16363118952760386
