label_id,count,mean,std,min,25%,50%,75%,max
0,27624.0,10.476071532001159,18.38302586584068,1.0,5.0,8.0,12.0,1701.0
1,2262.0,10.731653404067197,10.6770391816317,1.0,4.0,8.0,13.0,97.0
2,3514.0,20.073705179282868,17.719771334453956,1.0,8.0,14.0,26.0,172.0
