label_id,count,mean,std,min,25%,50%,75%,max
0,27315.0,0.3734746222686134,0.23743500743345966,0.0,0.2,0.4,0.5333333333333333,1.0
1,2261.0,0.32465441371386716,0.2244970167083622,0.0,0.14285714285714285,0.3333333333333333,0.5,1.0
2,3514.0,0.3644351122049807,0.19142811949679409,0.0,0.23076923076923078,0.39473684210526316,0.5,1.0
