label_id,proportion
0,0.8269294743845642
2,0.1062874251497006
1,0.0667831004657352
