label_id,has_emoji,has_url,has_hashtag,has_mention,has_number
0,0.12318997972777294,0.0007602085143353606,0.0009774109470026065,0.004995655951346655,0.11073704025485086
1,0.09018567639257294,0.0,0.001326259946949602,0.0022104332449160036,0.07736516357206012
2,0.05805350028457598,0.0,0.0005691519635742744,0.010244735344336939,0.11724530449630051
