split,has_emoji,has_url,has_hashtag,has_mention,has_number
dev,0.11040419161676647,0.0,0.001122754491017964,0.0033682634730538923,0.11002994011976049
test,0.11661676646706587,0.0002994011976047904,0.0011976047904191617,0.005838323353293413,0.10044910179640719
train,0.11381403858948769,0.000790086493679308,0.000873253493013972,0.005447438456420492,0.1114853626081171
