label_id,is_very_short,only_emoji_punct
0,0.07055459021141036,0.011330726904141327
1,0.10300618921308577,0.0004420866489832007
2,0.01593625498007968,0.0
